Row,“„«‰,,„ﬁœ«—,,,,,,
1,0,,1.401253521,,,,,,
2,0.001,,11.69108657,,,,,,
3,0.002,,11.16709469,,,,,,
4,0.003,,9.920496425,,,,,,
5,0.004,,13.63309523,,,,,,
6,0.005,,19.03805665,,,,,,
7,0.006,,12.8059567,,,,,,
8,0.007,,3.039924527,,,,,,
9,0.008,,5.2201251,,,,,,
10,0.009,,6.879567017,,,,,,
11,0.01,,1.441715154,,,,,,
12,0.011,,-7.648722795,,,,,,
13,0.012,,-6.629098078,,,,,,
14,0.013,,-3.076731684,,,,,,
15,0.014,,-11.34980632,,,,,,
16,0.015,,-18.23410223,,,,,,
17,0.016,,-16.51917438,,,,,,
18,0.017,,-9.223667444,,,,,,
19,0.018,,-9.9921474,,,,,,
20,0.019,,-11.70303637,,,,,,
21,0.02,,-0.443692495,,,,,,
22,0.021,,10.12400245,,,,,,
23,0.022,,12.42065317,,,,,,
24,0.023,,9.235230504,,,,,,
25,0.024,,14.12401062,,,,,,
26,0.025,,19.81552601,,,,,,
27,0.026,,12.18576387,,,,,,
28,0.027,,4.61024065,,,,,,
29,0.028,,4.157069741,,,,,,
30,0.029,,7.529761665,,,,,,
31,0.03,,0.955642877,,,,,,
32,0.031,,-8.428212439,,,,,,
33,0.032,,-6.026672383,,,,,,
34,0.033,,-4.51415018,,,,,,
35,0.034,,-10.21372601,,,,,,
36,0.035,,-18.95311084,,,,,,
37,0.036,,-16.05375559,,,,,,
38,0.037,,-8.39375075,,,,,,
39,0.038,,-10.55607275,,,,,,
40,0.039,,-10.25246182,,,,,,
41,0.04,,-1.593436777,,,,,,
42,0.041,,10.81909933,,,,,,
43,0.042,,11.98557711,,,,,,
44,0.043,,8.433477358,,,,,,
45,0.044,,14.71133872,,,,,,
46,0.045,,18.36950282,,,,,,
47,0.046,,13.32609437,,,,,,
48,0.047,,3.890713488,,,,,,
49,0.048,,4.605020367,,,,,,
50,0.049,,8.369564912,,,,,,
51,0.05,,0.389559433,,,,,,
52,0.051,,-6.940038052,,,,,,
53,0.052,,-7.155007536,,,,,,
54,0.053,,-3.849667377,,,,,,
55,0.054,,-10.75872362,,,,,,
56,0.055,,-19.82018405,,,,,,
57,0.056,,-15.44170768,,,,,,
58,0.057,,-9.901273265,,,,,,
59,0.058,,-9.548708534,,,,,,
60,0.059,,-10.96500764,,,,,,
61,0.06,,-1.009763373,,,,,,
62,0.061,,11.72022192,,,,,,
63,0.062,,11.35444823,,,,,,
64,0.063,,9.931846526,,,,,,
65,0.064,,13.67145379,,,,,,
66,0.065,,19.06777198,,,,,,
67,0.066,,12.79083641,,,,,,
68,0.067,,3.053893607,,,,,,
69,0.068,,5.213098963,,,,,,
70,0.069,,6.862626444,,,,,,
71,0.07,,1.444884039,,,,,,
72,0.071,,-7.612590635,,,,,,
73,0.072,,-6.591975536,,,,,,
74,0.073,,-3.07787097,,,,,,
75,0.074,,-11.37482171,,,,,,
76,0.075,,-18.27277621,,,,,,
77,0.076,,-16.5450321,,,,,,
78,0.077,,-9.222413983,,,,,,
79,0.078,,-10.00546805,,,,,,
80,0.079,,-11.70157224,,,,,,
81,0.08,,-0.43131153,,,,,,
82,0.081,,10.13936772,,,,,,
83,0.082,,12.43465317,,,,,,
84,0.083,,9.238961369,,,,,,
85,0.084,,14.09529095,,,,,,
86,0.085,,19.80245587,,,,,,
87,0.086,,12.20648292,,,,,,
88,0.087,,4.59327672,,,,,,
89,0.088,,4.142429658,,,,,,
90,0.089,,7.592369009,,,,,,
91,0.09,,0.938483349,,,,,,
92,0.091,,-8.413244463,,,,,,
93,0.092,,-6.033449453,,,,,,
94,0.093,,-4.54785233,,,,,,
95,0.094,,-10.24204167,,,,,,
96,0.095,,-18.94823475,,,,,,
97,0.096,,-16.05207659,,,,,,
98,0.097,,-8.379989388,,,,,,
99,0.098,,-10.56309955,,,,,,
100,0.099,,-10.25223569,,,,,,
101,0.1,,-1.570353723,,,,,,
102,0.101,,10.84521816,,,,,,
103,0.102,,11.99845754,,,,,,
104,0.103,,8.446515975,,,,,,
105,0.104,,14.68004879,,,,,,
106,0.105,,18.3466065,,,,,,
107,0.106,,13.32559822,,,,,,
108,0.107,,3.878594658,,,,,,
109,0.108,,4.606139936,,,,,,
110,0.109,,8.369341734,,,,,,
111,0.11,,0.379045699,,,,,,
112,0.111,,-6.930608239,,,,,,
113,0.112,,-7.123029622,,,,,,
114,0.113,,-3.829429978,,,,,,
115,0.114,,-10.75920379,,,,,,
116,0.115,,-19.8066802,,,,,,
117,0.116,,-15.46086571,,,,,,
118,0.117,,-9.892637612,,,,,,
119,0.118,,-9.499530415,,,,,,
120,0.119,,-10.94215548,,,,,,
121,0.12,,-1.038164295,,,,,,
122,0.121,,11.73489658,,,,,,
123,0.122,,11.37087647,,,,,,
124,0.123,,9.913128291,,,,,,
125,0.124,,13.63464629,,,,,,
126,0.125,,19.06391968,,,,,,
127,0.126,,12.80059943,,,,,,
128,0.127,,3.013953239,,,,,,
129,0.128,,5.21364937,,,,,,
130,0.129,,6.873969272,,,,,,
131,0.13,,1.437418807,,,,,,
132,0.131,,-7.634978601,,,,,,
133,0.132,,-6.630217648,,,,,,
134,0.133,,-3.07697203,,,,,,
135,0.134,,-11.3611288,,,,,,
136,0.135,,-18.24957252,,,,,,
137,0.136,,-16.52213724,,,,,,
138,0.137,,-9.221058016,,,,,,
139,0.138,,-10.03086969,,,,,,
140,0.139,,-11.68815289,,,,,,
141,0.14,,-0.42651265,,,,,,
142,0.141,,10.13740758,,,,,,
143,0.142,,12.41145444,,,,,,
144,0.143,,9.201736913,,,,,,
145,0.144,,14.143968,,,,,,
146,0.145,,19.84299235,,,,,,
147,0.146,,12.2256467,,,,,,
148,0.147,,4.612769444,,,,,,
149,0.148,,4.143557119,,,,,,
150,0.149,,7.55276179,,,,,,
151,0.15,,0.940163062,,,,,,
152,0.151,,-8.427469349,,,,,,
153,0.152,,-6.048258868,,,,,,
154,0.153,,-4.545195774,,,,,,
155,0.154,,-10.23028009,,,,,,
156,0.155,,-18.95336665,,,,,,
157,0.156,,-16.06887516,,,,,,
158,0.157,,-8.407991096,,,,,,
159,0.158,,-10.58139523,,,,,,
160,0.159,,-10.25694727,,,,,,
161,0.16,,-1.562764043,,,,,,
162,0.161,,10.85733699,,,,,,
163,0.162,,11.99733797,,,,,,
164,0.163,,8.446756321,,,,,,
165,0.164,,14.69137127,,,,,,
166,0.165,,18.32935855,,,,,,
167,0.166,,13.30023665,,,,,,
168,0.167,,3.895473483,,,,,,
169,0.168,,4.606699363,,,,,,
170,0.169,,8.38286275,,,,,,
171,0.17,,0.360696412,,,,,,
172,0.171,,-6.929790721,,,,,,
173,0.172,,-7.094623616,,,,,,
174,0.173,,-3.823952313,,,,,,
175,0.174,,-10.77880092,,,,,,
176,0.175,,-19.84888963,,,,,,
177,0.176,,-15.49316206,,,,,,
178,0.177,,-9.910839047,,,,,,
179,0.178,,-9.511379362,,,,,,
180,0.179,,-10.94477025,,,,,,
181,0.18,,-1.008564552,,,,,,
182,0.181,,11.74820817,,,,,,
183,0.182,,11.36223084,,,,,,
184,0.183,,9.89669786,,,,,,
185,0.184,,13.62052185,,,,,,
186,0.185,,19.05342621,,,,,,
187,0.186,,12.80483713,,,,,,
188,0.187,,3.039924527,,,,,,
189,0.188,,5.2201251,,,,,,
190,0.189,,6.870643862,,,,,,
191,0.19,,1.436703142,,,,,,
192,0.191,,-7.638369038,,,,,,
193,0.192,,-6.645337217,,,,,,
194,0.193,,-3.09097203,,,,,,
195,0.194,,-11.3751288,,,,,,
196,0.195,,-18.25524424,,,,,,
197,0.196,,-16.53143211,,,,,,
198,0.197,,-9.237667444,,,,,,
199,0.198,,-10.00111041,,,,,,
200,0.199,,-11.67413853,,,,,,
201,0.2,,-0.402750515,,,,,,
202,0.201,,10.14197776,,,,,,
203,0.202,,12.41555081,,,,,,
204,0.203,,9.231974437,,,,,,
205,0.204,,14.11153009,,,,,,
206,0.205,,19.8164387,,,,,,
207,0.206,,12.21967417,,,,,,
208,0.207,,4.615094854,,,,,,
209,0.208,,4.155127491,,,,,,
210,0.209,,7.584012519,,,,,,
211,0.21,,0.968043133,,,,,,
212,0.211,,-8.400948937,,,,,,
213,0.212,,-6.043152901,,,,,,
214,0.213,,-4.556359606,,,,,,
215,0.214,,-10.23457644,,,,,,
216,0.215,,-18.93962245,,,,,,
217,0.216,,-16.07503172,,,,,,
218,0.217,,-8.449446856,,,,,,
219,0.218,,-10.56840231,,,,,,
220,0.219,,-10.22941397,,,,,,
221,0.22,,-1.556353723,,,,,,
222,0.221,,10.84544249,,,,,,
223,0.222,,11.95797629,,,,,,
224,0.223,,8.447655261,,,,,,
225,0.224,,14.70506418,,,,,,
226,0.225,,18.35256224,,,,,,
227,0.226,,13.30637141,,,,,,
228,0.227,,3.87511426,,,,,,
229,0.228,,4.635819649,,,,,,
230,0.229,,8.382876502,,,,,,
231,0.23,,0.3809138,,,,,,
232,0.231,,-6.932078526,,,,,,
233,0.232,,-7.1283438,,,,,,
234,0.233,,-3.840683177,,,,,,
235,0.234,,-10.76152218,,,,,,
236,0.235,,-19.83488963,,,,,,
237,0.236,,-15.47916206,,,,,,
238,0.237,,-9.912900727,,,,,,
239,0.238,,-9.522425275,,,,,,
240,0.239,,-10.94676751,,,,,,
241,0.24,,-1.022005125,,,,,,
242,0.241,,11.74843305,,,,,,
243,0.242,,11.36304026,,,,,,
244,0.243,,9.913354417,,,,,,
245,0.244,,13.6348375,,,,,,
246,0.245,,19.03455012,,,,,,
247,0.246,,12.79095706,,,,,,
248,0.247,,3.027386947,,,,,,
249,0.248,,5.228210384,,,,,,
250,0.249,,6.879235871,,,,,,
251,0.25,,1.435800985,,,,,,
252,0.251,,-7.631722534,,,,,,
253,0.252,,-6.617737115,,,,,,
254,0.253,,-3.077180853,,,,,,
255,0.254,,-11.3618804,,,,,,
256,0.255,,-18.24957252,,,,,,
257,0.256,,-16.52213724,,,,,,
258,0.257,,-9.21078888,,,,,,
259,0.258,,-9.994746068,,,,,,
260,0.259,,-11.71602201,,,,,,
261,0.26,,-0.44693036,,,,,,
262,0.261,,10.12536772,,,,,,
263,0.262,,12.41493021,,,,,,
264,0.263,,9.223111674,,,,,,
265,0.264,,14.12357112,,,,,,
266,0.265,,19.80302106,,,,,,
267,0.266,,12.20517097,,,,,,
268,0.267,,4.601499977,,,,,,
269,0.268,,4.135280081,,,,,,
270,0.269,,7.554387155,,,,,,
271,0.27,,0.941842057,,,,,,
272,0.271,,-8.413484809,,,,,,
273,0.272,,-6.044771936,,,,,,
274,0.273,,-4.554994339,,,,,,
275,0.274,,-10.24602236,,,,,,
276,0.275,,-18.96386011,,,,,,
277,0.276,,-16.06943459,,,,,,
278,0.277,,-8.422198814,,,,,,
279,0.278,,-10.5953959,,,,,,
280,0.279,,-10.27043713,,,,,,
281,0.28,,-1.576888491,,,,,,
282,0.281,,10.84008092,,,,,,
283,0.282,,11.96917845,,,,,,
284,0.283,,8.419701641,,,,,,
285,0.284,,14.70860339,,,,,,
286,0.285,,18.3709731,,,,,,
287,0.286,,13.32609437,,,,,,
288,0.287,,3.894220022,,,,,,
289,0.288,,4.616781945,,,,,,
290,0.289,,8.354668784,,,,,,
291,0.29,,0.352913134,,,,,,
292,0.291,,-6.942911826,,,,,,
293,0.292,,-7.124983708,,,,,,
294,0.293,,-3.837176643,,,,,,
295,0.294,,-10.7497606,,,,,,
296,0.295,,-19.84861836,,,,,,
297,0.296,,-15.46081344,,,,,,
298,0.297,,-9.889413021,,,,,,
299,0.298,,-9.522329134,,,,,,
300,0.299,,-10.95363301,,,,,,
301,0.3,,-0.996643445,,,,,,
302,0.301,,11.73377446,,,,,,
303,0.302,,11.34666983,,,,,,
304,0.303,,9.915416096,,,,,,
305,0.304,,13.65732934,,,,,,
306,0.305,,19.06078505,,,,,,
307,0.306,,12.80215849,,,,,,
308,0.307,,3.026458191,,,,,,
309,0.308,,5.194242268,,,,,,
310,0.309,,6.857725111,,,,,,
311,0.31,,1.440187682,,,,,,
312,0.311,,-7.628099902,,,,,,
313,0.312,,-6.604296541,,,,,,
314,0.313,,-3.077405739,,,,,,
315,0.314,,-11.36268982,,,,,,
316,0.315,,-18.2579008,,,,,,
317,0.316,,-16.52684237,,,,,,
318,0.317,,-9.197910317,,,,,,
319,0.318,,-9.992547605,,,,,,
320,0.319,,-11.68881148,,,,,,
321,0.32,,-0.42888308,,,,,,
322,0.321,,10.12967418,,,,,,
323,0.322,,12.4189109,,,,,,
324,0.323,,9.238737039,,,,,,
325,0.324,,14.13589213,,,,,,
326,0.325,,19.80327686,,,,,,
327,0.326,,12.22700652,,,,,,
328,0.327,,4.615783995,,,,,,
329,0.328,,4.137518503,,,,,,
330,0.329,,7.573519053,,,,,,
331,0.33,,0.964245644,,,,,,
332,0.331,,-8.442144007,,,,,,
333,0.332,,-6.064687113,,,,,,
334,0.333,,-4.559195774,,,,,,
335,0.334,,-10.24428009,,,,,,
336,0.335,,-18.96035358,,,,,,
337,0.336,,-16.05431502,,,,,,
338,0.337,,-8.408215982,,,,,,
339,0.338,,-10.58220465,,,,,,
340,0.339,,-10.26527555,,,,,,
341,0.34,,-1.584229275,,,,,,
342,0.341,,10.82771162,,,,,,
343,0.342,,11.96933797,,,,,,
344,0.343,,8.419237012,,,,,,
345,0.344,,14.68601624,,,,,,
346,0.345,,18.34836081,,,,,,
347,0.346,,13.31383664,,,,,,
348,0.347,,3.876713488,,,,,,
349,0.348,,4.591020367,,,,,,
350,0.349,,8.35558208,,,,,,
351,0.35,,0.376368182,,,,,,
352,0.351,,-6.920809674,,,,,,
353,0.352,,-7.11260153,,,,,,
354,0.353,,-3.826683177,,,,,,
355,0.354,,-10.74752218,,,,,,
356,0.355,,-19.82064928,,,,,,
357,0.356,,-15.45383958,,,,,,
358,0.357,,-9.900681873,,,,,,
359,0.358,,-9.527034263,,,,,,
360,0.359,,-10.94050398,,,,,,
361,0.36,,-0.996723004,,,,,,
362,0.361,,11.73422192,,,,,,
363,0.362,,11.36844823,,,,,,
364,0.363,,9.913128291,,,,,,
365,0.364,,13.63996047,,,,,,
366,0.365,,19.06490374,,,,,,
367,0.366,,12.76175721,,,,,,
368,0.367,,3.027597477,,,,,,
369,0.368,,5.219257664,,,,,,
370,0.369,,6.872009129,,,,,,
371,0.37,,1.436703142,,,,,,
372,0.371,,-7.631606436,,,,,,
373,0.372,,-6.614499052,,,,,,
374,0.373,,-3.05069136,,,,,,
375,0.374,,-11.37780057,,,,,,
376,0.375,,-18.26669209,,,,,,
377,0.376,,-16.52968984,,,,,,
378,0.377,,-9.234160909,,,,,,
379,0.378,,-9.987669839,,,,,,
380,0.379,,-11.67482694,,,,,,
381,0.38,,-0.425396148,,,,,,
382,0.381,,10.12820389,,,,,,
383,0.382,,12.41318794,,,,,,
384,0.383,,9.226618209,,,,,,
385,0.384,,14.14012983,,,,,,
386,0.385,,19.82852711,,,,,,
387,0.386,,12.1995148,,,,,,
388,0.387,,4.599955714,,,,,,
389,0.388,,4.141318698,,,,,,
390,0.389,,7.544149495,,,,,,
391,0.39,,0.9564022,,,,,,
392,0.391,,-8.413229003,,,,,,
393,0.392,,-6.022936385,,,,,,
394,0.393,,-4.524053765,,,,,,
395,0.394,,-10.22946828,,,,,,
396,0.395,,-18.96711084,,,,,,
397,0.396,,-16.06775559,,,,,,
398,0.397,,-8.40775075,,,,,,
399,0.398,,-10.57007275,,,,,,
400,0.399,,-10.24980526,,,,,,
401,0.4,,-1.586989377,,,,,,
402,0.401,,10.80622077,,,,,,
403,0.402,,11.98829571,,,,,,
404,0.403,,8.446981207,,,,,,
405,0.404,,14.69218068,,,,,,
406,0.405,,18.34601511,,,,,,
407,0.406,,13.30882935,,,,,,
408,0.407,,3.871491629,,,,,,
409,0.408,,4.62070008,,,,,,
410,0.409,,8.369357194,,,,,,
411,0.41,,0.389558767,,,,,,
412,0.411,,-6.906809674,,,,,,
413,0.412,,-7.099010313,,,,,,
414,0.413,,-3.813548808,,,,,,
415,0.414,,-10.73512121,,,,,,
416,0.415,,-19.82111451,,,,,,
417,0.416,,-15.46597147,,,,,,
418,0.417,,-9.907229005,,,,,,
419,0.418,,-9.529890507,,,,,,
420,0.419,,-10.95888634,,,,,,
421,0.42,,-1.020885556,,,,,,
422,0.421,,11.7486734,,,,,,
423,0.422,,11.37436274,,,,,,
424,0.423,,9.912168147,,,,,,
425,0.424,,13.63452185,,,,,,
426,0.425,,19.05690661,,,,,,
427,0.426,,12.77371828,,,,,,
428,0.427,,3.014162664,,,,,,
429,0.428,,5.203945716,,,,,,
430,0.429,,6.875155541,,,,,,
431,0.43,,1.454903347,,,,,,
432,0.431,,-7.617722534,,,,,,
433,0.432,,-6.603737115,,,,,,
434,0.433,,-3.063661545,,,,,,
435,0.434,,-11.37052537,,,,,,
436,0.435,,-18.25758994,,,,,,
437,0.436,,-16.52499348,,,,,,
438,0.437,,-9.222158177,,,,,,
439,0.438,,-9.988789409,,,,,,
440,0.439,,-11.67460376,,,,,,
441,0.44,,-0.414882414,,,,,,
442,0.441,,10.14316403,,,,,,
443,0.442,,12.41055229,,,,,,
444,0.443,,9.194858214,,,,,,
445,0.444,,14.11480883,,,,,,
446,0.445,,19.81597518,,,,,,
447,0.446,,12.19783795,,,,,,
448,0.447,,4.60132098,,,,,,
449,0.448,,4.147041659,,,,,,
450,0.449,,7.559774859,,,,,,
451,0.45,,0.965365214,,,,,,
452,0.451,,-8.441903661,,,,,,
453,0.452,,-6.053364629,,,,,,
454,0.453,,-4.552053765,,,,,,
455,0.454,,-10.24602236,,,,,,
456,0.455,,-18.96386011,,,,,,
457,0.456,,-16.06775559,,,,,,
458,0.457,,-8.407991096,,,,,,
459,0.458,,-10.58139523,,,,,,
460,0.459,,-10.26527555,,,,,,
461,0.46,,-1.578506313,,,,,,
462,0.461,,10.84709399,,,,,,
463,0.462,,11.99605959,,,,,,
464,0.463,,8.419011523,,,,,,
465,0.464,,14.69566207,,,,,,
466,0.465,,18.36383109,,,,,,
467,0.466,,13.32783664,,,,,,
468,0.467,,3.894220022,,,,,,
469,0.468,,4.616781945,,,,,,
470,0.469,,8.355132308,,,,,,
471,0.47,,0.374749352,,,,,,
472,0.471,,-6.93746623,,,,,,
473,0.472,,-7.132640147,,,,,,
474,0.473,,-3.826938983,,,,,,
475,0.474,,-10.75928376,,,,,,
476,0.475,,-19.80738407,,,,,,
477,0.476,,-15.49402441,,,,,,
478,0.477,,-9.921881774,,,,,,
479,0.478,,-9.510170323,,,,,,
480,0.479,,-10.94563588,,,,,,
481,0.48,,-1.011842573,,,,,,
482,0.481,,11.72070261,,,,,,
483,0.482,,11.3770932,,,,,,
484,0.483,,9.921740586,,,,,,
485,0.484,,13.63862699,,,,,,
486,0.485,,19.06927591,,,,,,
487,0.486,,12.77667688,,,,,,
488,0.487,,3.040358235,,,,,,
489,0.488,,5.221686115,,,,,,
490,0.489,,6.862910461,,,,,,
491,0.49,,1.427399499,,,,,,
492,0.491,,-7.636859771,,,,,,
493,0.492,,-6.642099154,,,,,,
494,0.493,,-3.064001846,,,,,,
495,0.494,,-11.368404,,,,,,
496,0.495,,-18.24975152,,,,,,
497,0.496,,-16.49361556,,,,,,
498,0.497,,-9.180429919,,,,,,
499,0.498,,-10.00822732,,,,,,
500,0.499,,-11.68836342,,,,,,
501,0.5,,-0.41755993,,,,,,
502,0.501,,10.14463432,,,,,,
503,0.502,,12.41586646,,,,,,
504,0.503,,9.205860946,,,,,,
505,0.504,,14.11280919,,,,,,
506,0.505,,19.81599124,,,,,,
507,0.506,,12.19789577,,,,,,
508,0.507,,4.60132098,,,,,,
509,0.508,,4.141727481,,,,,,
510,0.509,,7.552028194,,,,,,
511,0.51,,0.983083451,,,,,,
512,0.511,,-8.415158362,,,,,,
513,0.512,,-6.047449248,,,,,,
514,0.513,,-4.563217597,,,,,,
515,0.514,,-10.24459574,,,,,,
516,0.515,,-18.94150362,,,,,,
517,0.516,,-16.08847229,,,,,,
518,0.517,,-8.449960176,,,,,,
519,0.518,,-10.6023691,,,,,,
520,0.519,,-10.25967842,,,,,,
521,0.52,,-1.561021773,,,,,,
522,0.521,,10.84706785,,,,,,
523,0.522,,11.9562973,,,,,,
524,0.523,,8.433893899,,,,,,
525,0.524,,14.71209098,,,,,,
526,0.525,,18.36066439,,,,,,
527,0.526,,13.29903063,,,,,,
528,0.527,,3.86299543,,,,,,
529,0.528,,4.636939219,,,,,,
530,0.529,,8.382876502,,,,,,
531,0.53,,0.3809138,,,,,,
532,0.531,,-6.932078526,,,,,,
533,0.532,,-7.134066762,,,,,,
534,0.533,,-3.856308542,,,,,,
535,0.534,,-10.7704852,,,,,,
536,0.535,,-19.80645531,,,,,,
537,0.536,,-15.4600563,,,,,,
538,0.537,,-9.892637612,,,,,,
539,0.538,,-9.505253377,,,,,,
540,0.539,,-10.95427431,,,,,,
541,0.54,,-1.037044726,,,,,,
542,0.541,,11.73443305,,,,,,
543,0.542,,11.34904026,,,,,,
544,0.543,,9.907682695,,,,,,
545,0.544,,13.64761691,,,,,,
546,0.545,,19.05441562,,,,,,
547,0.546,,12.77859538,,,,,,
548,0.547,,3.054358839,,,,,,
549,0.548,,5.225230862,,,,,,
550,0.549,,6.861440174,,,,,,
551,0.55,,1.438845422,,,,,,
552,0.551,,-7.602352975,,,,,,
553,0.552,,-6.604976612,,,,,,
554,0.553,,-3.06466044,,,,,,
555,0.554,,-11.37077443,,,,,,
556,0.555,,-18.25807979,,,,,,
557,0.556,,-16.51508079,,,,,,
558,0.557,,-9.203042215,,,,,,
559,0.558,,-10.00598818,,,,,,
560,0.559,,-11.68812307,,,,,,
561,0.56,,-0.406237447,,,,,,
562,0.561,,10.12679149,,,,,,
563,0.562,,12.37875209,,,,,,
564,0.563,,9.199483839,,,,,,
565,0.564,,14.11540786,,,,,,
566,0.565,,19.82945758,,,,,,
567,0.566,,12.2237786,,,,,,
568,0.567,,4.605911453,,,,,,
569,0.568,,4.139260773,,,,,,
570,0.569,,7.577025587,,,,,,
571,0.57,,0.980924281,,,,,,
572,0.571,,-8.414918016,,,,,,
573,0.572,,-6.036126764,,,,,,
574,0.573,,-4.531090754,,,,,,
575,0.574,,-10.22200305,,,,,,
576,0.575,,-18.95499201,,,,,,
577,0.576,,-16.06719616,,,,,,
578,0.577,,-8.394229734,,,,,,
579,0.578,,-10.58842204,,,,,,
580,0.579,,-10.26504942,,,,,,
581,0.58,,-1.561146221,,,,,,
582,0.581,,10.85408092,,,,,,
583,0.582,,11.98149945,,,,,,
584,0.583,,8.419236409,,,,,,
585,0.584,,14.69647149,,,,,,
586,0.585,,18.35609769,,,,,,
587,0.586,,13.318533,,,,,,
588,0.587,,3.892222755,,,,,,
589,0.588,,4.603341371,,,,,,
590,0.589,,8.355116848,,,,,,
591,0.59,,0.364236284,,,,,,
592,0.591,,-6.919623404,,,,,,
593,0.592,,-7.100839952,,,,,,
594,0.593,,-3.83532161,,,,,,
595,0.594,,-10.77608233,,,,,,
596,0.595,,-19.83466474,,,,,,
597,0.596,,-15.47835264,,,,,,
598,0.597,,-9.913495604,,,,,,
599,0.598,,-9.528863902,,,,,,
600,0.599,,-10.96227678,,,,,,
601,0.6,,-1.03432613,,,,,,
602,0.601,,11.74888112,,,,,,
603,0.602,,11.37436341,,,,,,
604,0.603,,9.919986282,,,,,,
605,0.604,,13.64997978,,,,,,
606,0.605,,19.07004098,,,,,,
607,0.606,,12.7783184,,,,,,
608,0.607,,3.011486449,,,,,,
609,0.608,,5.232318777,,,,,,
610,0.609,,6.88776815,,,,,,
611,0.61,,1.440120725,,,,,,
612,0.611,,-7.626564024,,,,,,
613,0.612,,-6.630931605,,,,,,
614,0.613,,-3.094123536,,,,,,
615,0.614,,-11.37800631,,,,,,
616,0.615,,-18.26053059,,,,,,
617,0.616,,-16.52415838,,,,,,
618,0.617,,-9.207696675,,,,,,
619,0.618,,-9.992581974,,,,,,
620,0.619,,-11.68278142,,,,,,
621,0.62,,-0.390039354,,,,,,
622,0.621,,10.15143017,,,,,,
623,0.622,,12.40058599,,,,,,
624,0.623,,9.21125481,,,,,,
625,0.624,,14.12207185,,,,,,
626,0.625,,19.84169145,,,,,,
627,0.626,,12.21369811,,,,,,
628,0.627,,4.590602458,,,,,,
629,0.628,,4.128521007,,,,,,
630,0.629,,7.563132984,,,,,,
631,0.63,,0.970952176,,,,,,
632,0.631,,-8.444585798,,,,,,
633,0.632,,-6.035345687,,,,,,
634,0.633,,-4.545874297,,,,,,
635,0.634,,-10.26430584,,,,,,
636,0.635,,-18.97349671,,,,,,
637,0.636,,-16.04633957,,,,,,
638,0.637,,-8.391806072,,,,,,
639,0.638,,-10.56235029,,,,,,
640,0.639,,-10.2406476,,,,,,
641,0.64,,-1.557781397,,,,,,
642,0.641,,10.83982673,,,,,,
643,0.642,,11.95630171,,,,,,
644,0.643,,8.436083055,,,,,,
645,0.644,,14.72329394,,,,,,
646,0.645,,18.3615422,,,,,,
647,0.646,,13.2880657,,,,,,
648,0.647,,3.857053186,,,,,,
649,0.648,,4.622250892,,,,,,
650,0.649,,8.352195835,,,,,,
651,0.65,,0.361714962,,,,,,
652,0.651,,-6.925811235,,,,,,
653,0.652,,-7.119068933,,,,,,
654,0.653,,-3.858137895,,,,,,
655,0.654,,-10.76987487,,,,,,
656,0.655,,-19.85059076,,,,,,
657,0.656,,-15.48294573,,,,,,
658,0.657,,-9.906029103,,,,,,
659,0.658,,-9.521131304,,,,,,
660,0.659,,-10.95775593,,,,,,
661,0.66,,-1.023217577,,,,,,
662,0.661,,11.75420533,,,,,,
663,0.662,,11.36910628,,,,,,
664,0.663,,9.920363167,,,,,,
665,0.664,,13.65250216,,,,,,
666,0.665,,19.05295434,,,,,,
667,0.666,,12.76917917,,,,,,
668,0.667,,3.038456486,,,,,,
669,0.668,,5.229281149,,,,,,
670,0.669,,6.870574008,,,,,,
671,0.67,,1.420976059,,,,,,
672,0.671,,-7.649273851,,,,,,
673,0.672,,-6.623744487,,,,,,
674,0.673,,-3.053417682,,,,,,
675,0.674,,-11.37919226,,,,,,
676,0.675,,-18.2630171,,,,,,
677,0.676,,-16.52275527,,,,,,
678,0.677,,-9.236311963,,,,,,
679,0.678,,-10.00541862,,,,,,
680,0.679,,-11.69625811,,,,,,
681,0.68,,-0.425658708,,,,,,
682,0.681,,10.13192524,,,,,,
683,0.682,,12.39954253,,,,,,
684,0.683,,9.201544984,,,,,,
685,0.684,,14.13418467,,,,,,
686,0.685,,19.82849266,,,,,,
687,0.686,,12.2097314,,,,,,
688,0.687,,4.6169924,,,,,,
689,0.688,,4.158541577,,,,,,
690,0.689,,7.547702289,,,,,,
691,0.69,,0.928957311,,,,,,
692,0.691,,-8.458371717,,,,,,
693,0.692,,-6.059073851,,,,,,
694,0.693,,-4.566999965,,,,,,
695,0.694,,-10.25362388,,,,,,
696,0.695,,-18.93905564,,,,,,
697,0.696,,-16.06314467,,,,,,
698,0.697,,-8.392068889,,,,,,
699,0.698,,-10.58422202,,,,,,
700,0.699,,-10.25489894,,,,,,
701,0.7,,-1.548562621,,,,,,
702,0.701,,10.85545365,,,,,,
703,0.702,,11.96861454,,,,,,
704,0.703,,8.435606157,,,,,,
705,0.704,,14.71115038,,,,,,
706,0.705,,18.3550124,,,,,,
707,0.706,,13.30199239,,,,,,
708,0.707,,3.877640863,,,,,,
709,0.708,,4.611509846,,,,,,
710,0.709,,8.392903055,,,,,,
711,0.71,,0.350805605,,,,,,
712,0.711,,-6.936106187,,,,,,
713,0.712,,-7.100682496,,,,,,
714,0.713,,-3.851054985,,,,,,
715,0.714,,-10.7810595,,,,,,
716,0.715,,-19.82167082,,,,,,
717,0.716,,-15.44200178,,,,,,
718,0.717,,-9.904185661,,,,,,
719,0.718,,-9.55085683,,,,,,
720,0.719,,-10.95883026,,,,,,
721,0.72,,-0.993615764,,,,,,
722,0.721,,11.76771082,,,,,,
723,0.722,,11.37015283,,,,,,
724,0.723,,9.934474927,,,,,,
725,0.724,,13.68298592,,,,,,
726,0.725,,19.07317223,,,,,,
727,0.726,,12.76532609,,,,,,
728,0.727,,3.023979588,,,,,,
729,0.728,,5.203137584,,,,,,
730,0.729,,6.857790621,,,,,,
731,0.73,,1.435929856,,,,,,
732,0.731,,-7.621787857,,,,,,
733,0.732,,-6.61508108,,,,,,
734,0.733,,-3.066369901,,,,,,
735,0.734,,-11.37182053,,,,,,
736,0.735,,-18.26346649,,,,,,
737,0.736,,-16.518833,,,,,,
738,0.737,,-9.203233536,,,,,,
739,0.738,,-10.01953691,,,,,,
740,0.739,,-11.68258379,,,,,,
741,0.74,,-0.399825028,,,,,,
742,0.741,,10.12761994,,,,,,
743,0.742,,12.39910957,,,,,,
744,0.743,,9.253239884,,,,,,
745,0.744,,14.12800524,,,,,,
746,0.745,,19.81376919,,,,,,
747,0.746,,12.17224941,,,,,,
748,0.747,,4.580398782,,,,,,
749,0.748,,4.143753496,,,,,,
750,0.749,,7.55447277,,,,,,
751,0.75,,0.945767542,,,,,,
752,0.751,,-8.430634534,,,,,,
753,0.752,,-6.05294558,,,,,,
754,0.753,,-4.561593583,,,,,,
755,0.754,,-10.24361703,,,,,,
756,0.755,,-18.9441992,,,,,,
757,0.756,,-16.08164206,,,,,,
758,0.757,,-8.433296683,,,,,,
759,0.758,,-10.57114013,,,,,,
760,0.759,,-10.23624375,,,,,,
761,0.76,,-1.546311355,,,,,,
762,0.761,,10.87108056,,,,,,
763,0.762,,11.98430171,,,,,,
764,0.763,,8.463818871,,,,,,
765,0.764,,14.73914562,,,,,,
766,0.765,,18.37356527,,,,,,
767,0.766,,13.31939518,,,,,,
768,0.767,,3.900350689,,,,,,
769,0.768,,4.606009895,,,,,,
770,0.769,,8.366409916,,,,,,
771,0.77,,0.365986797,,,,,,
772,0.771,,-6.919532781,,,,,,
773,0.772,,-7.104041831,,,,,,
774,0.773,,-3.854571634,,,,,,
775,0.774,,-10.79280823,,,,,,
776,0.775,,-19.80794989,,,,,,
777,0.776,,-15.46040681,,,,,,
778,0.777,,-9.919904947,,,,,,
779,0.778,,-9.536722322,,,,,,
780,0.779,,-10.93985641,,,,,,
781,0.78,,-1.010824524,,,,,,
782,0.781,,11.75420397,,,,,,
783,0.782,,11.37882969,,,,,,
784,0.783,,9.901953014,,,,,,
785,0.784,,13.61512911,,,,,,
786,0.785,,19.05275812,,,,,,
787,0.786,,12.79705352,,,,,,
788,0.787,,3.036257278,,,,,,
789,0.788,,5.193407966,,,,,,
790,0.789,,6.849301857,,,,,,
791,0.79,,1.443406754,,,,,,
792,0.791,,-7.606160941,,,,,,
793,0.792,,-6.602888758,,,,,,
794,0.793,,-3.067599067,,,,,,
795,0.794,,-11.37287328,,,,,,
796,0.795,,-18.25501936,,,,,,
797,0.796,,-16.51415152,,,,,,
798,0.797,,-9.209323591,,,,,,
799,0.798,,-9.99426914,,,,,,
800,0.799,,-11.69725832,,,,,,
801,0.8,,-0.416182919,,,,,,
802,0.801,,10.14698907,,,,,,
803,0.802,,12.41366695,,,,,,
804,0.803,,9.215544984,,,,,,
805,0.804,,14.14637699,,,,,,
806,0.805,,19.82726349,,,,,,
807,0.806,,12.20867865,,,,,,
808,0.807,,4.60041269,,,,,,
809,0.808,,4.138527864,,,,,,
810,0.809,,7.561506068,,,,,,
811,0.81,,0.974326508,,,,,,
812,0.811,,-8.416618289,,,,,,
813,0.812,,-6.028412282,,,,,,
814,0.813,,-4.548810197,,,,,,
815,0.814,,-10.25857082,,,,,,
816,0.815,,-18.95786979,,,,,,
817,0.816,,-16.03908823,,,,,,
818,0.817,,-8.434480807,,,,,,
819,0.818,,-10.5962324,,,,,,
820,0.819,,-10.2421528,,,,,,
821,0.82,,-1.538555764,,,,,,
822,0.821,,10.86060884,,,,,,
823,0.822,,11.9962138,,,,,,
824,0.823,,8.449145711,,,,,,
825,0.824,,14.71306432,,,,,,
826,0.825,,18.36963314,,,,,,
827,0.826,,13.32129133,,,,,,
828,0.827,,3.878019888,,,,,,
829,0.828,,4.621691926,,,,,,
830,0.829,,8.365933018,,,,,,
831,0.83,,0.353843232,,,,,,
832,0.831,,-6.926062571,,,,,,
833,0.832,,-7.107320199,,,,,,
834,0.833,,-3.866798109,,,,,,
835,0.834,,-10.79831332,,,,,,
836,0.835,,-19.86286845,,,,,,
837,0.836,,-15.47321611,,,,,,
838,0.837,,-9.913629025,,,,,,
839,0.838,,-9.542172119,,,,,,
840,0.839,,-10.94758501,,,,,,
841,0.84,,-0.998032943,,,,,,
842,0.841,,11.73998988,,,,,,
843,0.842,,11.37455786,,,,,,
844,0.843,,9.936790091,,,,,,
845,0.844,,13.65515654,,,,,,
846,0.845,,19.03595169,,,,,,
847,0.846,,12.75770553,,,,,,
848,0.847,,3.037178378,,,,,,
849,0.848,,5.207104289,,,,,,
850,0.849,,6.856427525,,,,,,
851,0.85,,1.435929856,,,,,,
852,0.851,,-7.625053316,,,,,,
853,0.852,,-6.627557273,,,,,,
854,0.853,,-3.065909454,,,,,,
855,0.854,,-11.35973447,,,,,,
856,0.855,,-18.24799854,,,,,,
857,0.856,,-16.51015838,,,,,,
858,0.857,,-9.203995433,,,,,,
859,0.858,,-10.01961713,,,,,,
860,0.859,,-11.68256618,,,,,,
861,0.86,,-0.39901514,,,,,,
862,0.861,,10.16090217,,,,,,
863,0.862,,12.44362318,,,,,,
864,0.863,,9.254577028,,,,,,
865,0.864,,14.1135265,,,,,,
866,0.865,,19.81496819,,,,,,
867,0.866,,12.21759838,,,,,,
868,0.867,,4.591707915,,,,,,
869,0.868,,4.122631714,,,,,,
870,0.869,,7.573353518,,,,,,
871,0.87,,0.959767542,,,,,,
872,0.871,,-8.41614139,,,,,,
873,0.872,,-6.016268717,,,,,,
874,0.873,,-4.525595842,,,,,,
875,0.874,,-10.24674878,,,,,,
876,0.875,,-18.98015098,,,,,,
877,0.876,,-16.06146264,,,,,,
878,0.877,,-8.405806072,,,,,,
879,0.878,,-10.57635029,,,,,,
880,0.879,,-10.23796304,,,,,,
881,0.88,,-1.546032663,,,,,,
882,0.881,,10.84171646,,,,,,
883,0.882,,11.97311194,,,,,,
884,0.883,,8.463573667,,,,,,
885,0.884,,14.71808378,,,,,,
886,0.885,,18.35148063,,,,,,
887,0.886,,13.30127762,,,,,,
888,0.887,,3.88127372,,,,,,
889,0.888,,4.623379092,,,,,,
890,0.889,,8.380409916,,,,,,
891,0.89,,0.379986797,,,,,,
892,0.891,,-6.921621467,,,,,,
893,0.892,,-7.12081081,,,,,,
894,0.893,,-3.854621246,,,,,,
895,0.894,,-10.7496903,,,,,,
896,0.895,,-19.79490368,,,,,,
897,0.896,,-15.47069394,,,,,,
898,0.897,,-9.912409879,,,,,,
899,0.898,,-9.521006884,,,,,,
900,0.899,,-10.94720599,,,,,,
901,0.9,,-0.981343223,,,,,,
902,0.901,,11.76649927,,,,,,
903,0.902,,11.36990996,,,,,,
904,0.903,,9.927342353,,,,,,
905,0.904,,13.66250902,,,,,,
906,0.905,,19.05132742,,,,,,
907,0.906,,12.767492,,,,,,
908,0.907,,3.024226159,,,,,,
909,0.908,,5.214476016,,,,,,
910,0.909,,6.873258571,,,,,,
911,0.91,,1.449929856,,,,,,
912,0.911,,-7.614569965,,,,,,
913,0.912,,-6.631934158,,,,,,
914,0.913,,-3.092878124,,,,,,
915,0.914,,-11.36642026,,,,,,
916,0.915,,-18.24516749,,,,,,
917,0.916,,-16.52121877,,,,,,
918,0.917,,-9.224085488,,,,,,
919,0.918,,-10.00666219,,,,,,
920,0.919,,-11.69678142,,,,,,
921,0.92,,-0.404039354,,,,,,
922,0.921,,10.16186114,,,,,,
923,0.922,,12.42695218,,,,,,
924,0.923,,9.219362435,,,,,,
925,0.924,,14.11777518,,,,,,
926,0.925,,19.81422964,,,,,,
927,0.926,,12.18433546,,,,,,
928,0.927,,4.58752445,,,,,,
929,0.928,,4.136276598,,,,,,
930,0.929,,7.542362503,,,,,,
931,0.93,,0.951831594,,,,,,
932,0.931,,-8.389435537,,,,,,
933,0.932,,-6.031454664,,,,,,
934,0.933,,-4.558766911,,,,,,
935,0.934,,-10.25682894,,,,,,
936,0.935,,-18.96841974,,,,,,
937,0.936,,-16.07939593,,,,,,
938,0.937,,-8.433543255,,,,,,
939,0.938,,-10.58247856,,,,,,
940,0.939,,-10.23502714,,,,,,
941,0.94,,-1.540297642,,,,,,
942,0.941,,10.85382673,,,,,,
943,0.942,,11.97198888,,,,,,
944,0.943,,8.463080523,,,,,,
945,0.944,,14.69540692,,,,,,
946,0.945,,18.32948289,,,,,,
947,0.946,,13.30120431,,,,,,
948,0.947,,3.891378046,,,,,,
949,0.948,,4.608820127,,,,,,
950,0.949,,8.37991814,,,,,,
951,0.95,,0.347586525,,,,,,
952,0.951,,-6.934743091,,,,,,
953,0.952,,-7.094947475,,,,,,
954,0.953,,-3.835428069,,,,,,
955,0.954,,-10.77043383,,,,,,
956,0.955,,-19.83662462,,,,,,
957,0.956,,-15.48028891,,,,,,
958,0.957,,-9.916348311,,,,,,
959,0.958,,-9.536339117,,,,,,
960,0.959,,-10.96034097,,,,,,
961,0.96,,-0.996990096,,,,,,
962,0.961,,11.73976092,,,,,,
963,0.962,,11.36402932,,,,,,
964,0.963,,9.930173399,,,,,,
965,0.964,,13.65103898,,,,,,
966,0.965,,19.03062354,,,,,,
967,0.966,,12.78642785,,,,,,
968,0.967,,3.050964503,,,,,,
969,0.968,,5.220356665,,,,,,
970,0.969,,6.878173929,,,,,,
971,0.97,,1.453486916,,,,,,
972,0.971,,-7.62819094,,,,,,
973,0.972,,-6.627677785,,,,,,
974,0.973,,-3.067401437,,,,,,
975,0.974,,-11.38265896,,,,,,
976,0.975,,-18.25380274,,,,,,
977,0.976,,-16.51346318,,,,,,
978,0.977,,-9.237822671,,,,,,
979,0.978,,-10.00047763,,,,,,
980,0.979,,-11.65507673,,,,,,
981,0.98,,-0.404977679,,,,,,
982,0.981,,10.12590065,,,,,,
983,0.982,,12.39938826,,,,,,
984,0.983,,9.227392434,,,,,,
985,0.984,,14.13350519,,,,,,
986,0.985,,19.841231,,,,,,
987,0.986,,12.20161205,,,,,,
988,0.987,,4.58347679,,,,,,
989,0.988,,4.130262885,,,,,,
990,0.989,,7.552583037,,,,,,
991,0.99,,0.932331643,,,,,,
992,0.991,,-8.430157636,,,,,,
993,0.992,,-6.040802015,,,,,,
994,0.993,,-4.554467915,,,,,,
995,0.994,,-10.25682894,,,,,,
996,0.995,,-18.96490309,,,,,,
997,0.996,,-16.0625857,,,,,,
998,0.997,,-8.406299215,,,,,,
999,0.998,,-10.59902716,,,,,,
1000,0.999,,-10.28498762,,,,,,
1001,1,,-1.576126537,,,,,,
1002,1.001,,10.85670154,,,,,,
1003,1.002,,11.95686581,,,,,,
1004,1.003,,8.449327095,,,,,,
1005,1.004,,14.69274535,,,,,,
1006,1.005,,18.3553818,,,,,,
1007,1.006,,13.33624513,,,,,,
1008,1.007,,3.898723773,,,,,,
1009,1.008,,4.604322729,,,,,,
1010,1.009,,8.352901693,,,,,,
1011,1.01,,0.38438707,,,,,,
1012,1.011,,-6.912068875,,,,,,
1013,1.012,,-7.122428268,,,,,,
1014,1.013,,-3.868436653,,,,,,
1015,1.014,,-10.80584853,,,,,,
1016,1.015,,-19.82122662,,,,,,
1017,1.016,,-15.44044903,,,,,,
1018,1.017,,-9.904185661,,,,,,
1019,1.018,,-9.534471056,,,,,,
1020,1.019,,-10.9242295,,,,,,
1021,1.02,,-0.99851169,,,,,,
1022,1.021,,11.75349811,,,,,,
1023,1.022,,11.35615759,,,,,,
1024,1.023,,9.913237499,,,,,,
1025,1.024,,13.642774,,,,,,
1026,1.025,,19.0357671,,,,,,
1027,1.026,,12.79817659,,,,,,
1028,1.027,,3.03650385,,,,,,
1029,1.028,,5.204746398,,,,,,
1030,1.029,,6.848085243,,,,,,
1031,1.03,,1.43165802,,,,,,
1032,1.031,,-7.611316133,,,,,,
1033,1.032,,-6.627113684,,,,,,
1034,1.033,,-3.053171111,,,,,,
1035,1.034,,-11.36785382,,,,,,
1036,1.035,,-18.23980274,,,,,,
1037,1.036,,-16.49946318,,,,,,
1038,1.037,,-9.22733932,,,,,,
1039,1.038,,-10.00666219,,,,,,
1040,1.039,,-11.69678142,,,,,,
1041,1.04,,-0.404039354,,,,,,
1042,1.041,,10.15411474,,,,,,
1043,1.042,,12.41192508,,,,,,
1044,1.043,,9.215544984,,,,,,
1045,1.044,,14.14155652,,,,,,
1046,1.045,,19.78681676,,,,,,
1047,1.046,,12.17609692,,,,,,
1048,1.047,,4.590355496,,,,,,
1049,1.048,,4.136276598,,,,,,
1050,1.049,,7.538845854,,,,,,
1051,1.05,,0.936708528,,,,,,
1052,1.051,,-8.403188965,,,,,,
1053,1.052,,-6.034116233,,,,,,
1054,1.053,,-4.557298961,,,,,,
1055,1.054,,-10.25109392,,,,,,
1056,1.055,,-18.95279282,,,,,,
1057,1.056,,-16.0620216,,,,,,
1058,1.057,,-8.391575745,,,,,,
1059,1.058,,-10.56154516,,,,,,
1060,1.059,,-10.23230532,,,,,,
1061,1.06,,-1.54777454,,,,,,
1062,1.061,,10.83819982,,,,,,
1063,1.062,,11.95630171,,,,,,
1064,1.063,,8.436083055,,,,,,
1065,1.064,,14.72329394,,,,,,
1066,1.065,,18.36213807,,,,,,
1067,1.066,,13.30025051,,,,,,
1068,1.067,,3.881157512,,,,,,
1069,1.068,,4.62000476,,,,,,
1070,1.069,,8.351966875,,,,,,
1071,1.07,,0.351186418,,,,,,
1072,1.071,,-6.940770209,,,,,,
1073,1.072,,-7.116397934,,,,,,
1074,1.073,,-3.833155464,,,,,,
1075,1.074,,-10.77204078,,,,,,
1076,1.075,,-19.85011523,,,,,,
1077,1.076,,-15.46107875,,,,,,
1078,1.077,,-9.883944461,,,,,,
1079,1.078,,-9.514483782,,,,,,
1080,1.079,,-10.95234955,,,,,,
1081,1.08,,-0.994658611,,,,,,
1082,1.081,,11.76748186,,,,,,
1083,1.082,,11.35962429,,,,,,
1084,1.083,,9.903427267,,,,,,
1085,1.084,,13.6610326,,,,,,
1086,1.085,,19.09708033,,,,,,
1087,1.086,,12.79264148,,,,,,
1088,1.087,,3.036979381,,,,,,
1089,1.088,,5.226613373,,,,,,
1090,1.089,,6.870169885,,,,,,
1091,1.09,,1.421100479,,,,,,
1092,1.091,,-7.649273851,,,,,,
1093,1.092,,-6.626998307,,,,,,
1094,1.093,,-3.079893209,,,,,,
1095,1.094,,-11.36320118,,,,,,
1096,1.095,,-18.25487287,,,,,,
1097,1.096,,-16.53122563,,,,,,
1098,1.097,,-9.218941923,,,,,,
1099,1.098,,-9.989851961,,,,,,
1100,1.099,,-11.66904424,,,,,,
1101,1.1,,-0.397911084,,,,,,
1102,1.101,,10.14283655,,,,,,
1103,1.102,,12.41871364,,,,,,
1104,1.103,,9.252637682,,,,,,
1105,1.104,,14.14152136,,,,,,
1106,1.105,,19.81403201,,,,,,
1107,1.106,,12.19412114,,,,,,
1108,1.107,,4.586307836,,,,,,
1109,1.108,,4.135997906,,,,,,
1110,1.109,,7.564693304,,,,,,
1111,1.11,,0.931208577,,,,,,
1112,1.111,,-8.429664492,,,,,,
1113,1.112,,-6.018125152,,,,,,
1114,1.113,,-4.540216579,,,,,,
1115,1.114,,-10.2603127,,,,,,
1116,1.115,,-18.96841974,,,,,,
1117,1.116,,-16.0810831,,,,,,
1118,1.117,,-8.447773582,,,,,,
1119,1.118,,-10.5972837,,,,,,
1120,1.119,,-10.2657117,,,,,,
1121,1.12,,-1.580046376,,,,,,
1122,1.121,,10.83775241,,,,,,
1123,1.122,,11.98333687,,,,,,
1124,1.123,,8.435145711,,,,,,
1125,1.124,,14.69906432,,,,,,
1126,1.125,,18.34788674,,,,,,
1127,1.126,,13.30946929,,,,,,
1128,1.127,,3.88975113,,,,,,
1129,1.128,,4.608820127,,,,,,
1130,1.129,,8.380393671,,,,,,
1131,1.13,,0.369453499,,,,,,
1132,1.131,,-6.912658449,,,,,,
1133,1.132,,-7.094034974,,,,,,
1134,1.133,,-3.852681901,,,,,,
1135,1.134,,-10.77937233,,,,,,
1136,1.135,,-19.80865574,,,,,,
1137,1.136,,-15.48307892,,,,,,
1138,1.137,,-9.917558621,,,,,,
1139,1.138,,-9.51406405,,,,,,
1140,1.139,,-10.94299404,,,,,,
1141,1.14,,-1.010824524,,,,,,
1142,1.141,,11.75372843,,,,,,
1143,1.142,,11.35696272,,,,,,
1144,1.143,,9.913237499,,,,,,
1145,1.144,,13.64850902,,,,,,
1146,1.145,,19.03732742,,,,,,
1147,1.146,,12.75517917,,,,,,
1148,1.147,,3.02494963,,,,,,
1149,1.148,,5.237958012,,,,,,
1150,1.149,,6.879167626,,,,,,
1151,1.15,,1.419234182,,,,,,
1152,1.151,,-7.646008391,,,,,,
1153,1.152,,-6.612834948,,,,,,
1154,1.153,,-3.066616472,,,,,,
1155,1.154,,-11.38315896,,,,,,
1156,1.155,,-18.27833856,,,,,,
1157,1.156,,-16.54276898,,,,,,
1158,1.157,,-9.229541482,,,,,,
1159,1.158,,-9.990416061,,,,,,
1160,1.159,,-11.68350352,,,,,,
1161,1.16,,-0.423244761,,,,,,
1162,1.161,,10.13890443,,,,,,
1163,1.162,,12.42101943,,,,,,
1164,1.163,,9.224138602,,,,,,
1165,1.164,,14.12699756,,,,,,
1166,1.165,,19.78752262,,,,,,
1167,1.166,,12.19876903,,,,,,
1168,1.167,,4.612440138,,,,,,
1169,1.168,,4.142924119,,,,,,
1170,1.169,,7.544252236,,,,,,
1171,1.17,,0.962013674,,,,,,
1172,1.171,,-8.416634534,,,,,,
1173,1.172,,-6.03894558,,,,,,
1174,1.173,,-4.539251301,,,,,,
1175,1.174,,-10.24255025,,,,,,
1176,1.175,,-18.98026719,,,,,,
1177,1.176,,-16.06146264,,,,,,
1178,1.177,,-8.40578846,,,,,,
1179,1.178,,-10.57554041,,,,,,
1180,1.179,,-10.23745406,,,,,,
1181,1.18,,-1.546157082,,,,,,
1182,1.181,,10.84523311,,,,,,
1183,1.182,,11.98317351,,,,,,
1184,1.183,,8.43537583,,,,,,
1185,1.184,,14.71034525,,,,,,
1186,1.185,,18.33832784,,,,,,
1187,1.186,,13.27624366,,,,,,
1188,1.187,,3.865267779,,,,,,
1189,1.188,,4.595943192,,,,,,
1190,1.189,,8.366393671,,,,,,
1191,1.19,,0.355453499,,,,,,
1192,1.191,,-6.942747135,,,,,,
1193,1.192,,-7.127333912,,,,,,
1194,1.193,,-3.856510979,,,,,,
1195,1.194,,-10.76650053,,,,,,
1196,1.195,,-19.82239429,,,,,,
1197,1.196,,-15.46548378,,,,,,
1198,1.197,,-9.910094715,,,,,,
1199,1.198,,-9.526305821,,,,,,
1200,1.199,,-10.93710166,,,,,,
1201,1.2,,-0.997468843,,,,,,
1202,1.201,,11.75349811,,,,,,
1203,1.202,,11.35615759,,,,,,
1204,1.203,,9.913237499,,,,,,
1205,1.204,,13.642774,,,,,,
1206,1.205,,19.0357671,,,,,,
1207,1.206,,12.79660993,,,,,,
1208,1.207,,3.024012078,,,,,,
1209,1.208,,5.22420418,,,,,,
1210,1.209,,6.863699676,,,,,,
1211,1.21,,1.428174266,,,,,,
1212,1.211,,-7.611316133,,,,,,
1213,1.212,,-6.627113684,,,,,,
1214,1.213,,-3.053171111,,,,,,
1215,1.214,,-11.36785382,,,,,,
1216,1.215,,-18.25648731,,,,,,
1217,1.216,,-16.5194769,,,,,,
1218,1.217,,-9.224085488,,,,,,
1219,1.218,,-10.00822885,,,,,,
1220,1.219,,-11.70976634,,,,,,
1221,1.22,,-0.407258435,,,,,,
1222,1.221,,10.12210871,,,,,,
1223,1.222,,12.38295805,,,,,,
1224,1.223,,9.245156974,,,,,,
1225,1.224,,14.14325137,,,,,,
1226,1.225,,19.8267868,,,,,,
1227,1.226,,12.18605929,,,,,,
1228,1.227,,4.594503635,,,,,,
1229,1.228,,4.163488517,,,,,,
1230,1.229,,7.580583037,,,,,,
1231,1.23,,0.955270145,,,,,,
1232,1.231,,-8.444602044,,,,,,
1233,1.232,,-6.045878985,,,,,,
1234,1.233,,-4.536315402,,,,,,
1235,1.234,,-10.24255025,,,,,,
1236,1.235,,-18.98026719,,,,,,
1237,1.236,,-16.06146264,,,,,,
1238,1.237,,-8.405312928,,,,,,
1239,1.238,,-10.55367343,,,,,,
1240,1.239,,-10.23205398,,,,,,
1241,1.24,,-1.559523274,,,,,,
1242,1.241,,10.84686003,,,,,,
1243,1.242,,11.98486068,,,,,,
1244,1.243,,8.449359585,,,,,,
1245,1.244,,14.71381195,,,,,,
1246,1.245,,18.34520217,,,,,,
1247,1.246,,13.29198554,,,,,,
1248,1.247,,3.886301077,,,,,,
1249,1.248,,4.635127826,,,,,,
1250,1.249,,8.366195835,,,,,,
1251,1.25,,0.375714962,,,,,,
1252,1.251,,-6.920153517,,,,,,
1253,1.252,,-7.115075789,,,,,,
1254,1.253,,-3.846027628,,,,,,
1255,1.254,,-10.76931077,,,,,,
1256,1.255,,-19.83637805,,,,,,
1257,1.256,,-15.46895048,,,,,,
1258,1.257,,-9.916969047,,,,,,
1259,1.258,,-9.542047699,,,,,,
1260,1.259,,-10.94406836,,,,,,
1261,1.26,,-0.981222711,,,,,,
1262,1.261,,11.76772707,,,,,,
1263,1.262,,11.38068613,,,,,,
1264,1.263,,9.933854191,,,,,,
1265,1.264,,13.66662658,,,,,,
1266,1.265,,19.06343769,,,,,,
1267,1.266,,12.76636894,,,,,,
1268,1.267,,3.024719303,,,,,,
1269,1.268,,5.237152879,,,,,,
1270,1.269,,6.88691403,,,,,,
1271,1.27,,1.445731326,,,,,,
1272,1.271,,-7.614453757,,,,,,
1273,1.272,,-6.630367504,,,,,,
1274,1.273,,-3.080386353,,,,,,
1275,1.274,,-11.38587804,,,,,,
1276,1.275,,-18.26078193,,,,,,
1277,1.276,,-16.51773502,,,,,,
1278,1.277,,-9.224085488,,,,,,
1279,1.278,,-10.0016007,,,,,,
1280,1.279,,-11.65530569,,,,,,
1281,1.28,,-0.415506223,,,,,,
1282,1.281,,10.13596853,,,,,,
1283,1.282,,12.43207983,,,,,,
1284,1.283,,9.251010766,,,,,,
1285,1.284,,14.14320853,,,,,,
1286,1.285,,19.82801576,,,,,,
1287,1.286,,12.19758784,,,,,,
1288,1.287,,4.584839886,,,,,,
1289,1.288,,4.135997906,,,,,,
1290,1.289,,7.568209953,,,,,,
1291,1.29,,0.946331643,,,,,,
1292,1.291,,-8.416404207,,,,,,
1293,1.292,,-6.038140447,,,,,,
1294,1.293,,-4.547593583,,,,,,
1295,1.294,,-10.25214746,,,,,,
1296,1.295,,-18.9812919,,,,,,
1297,1.296,,-16.07666592,,,,,,
1298,1.297,,-8.419806072,,,,,,
1299,1.298,,-10.59035029,,,,,,
1300,1.299,,-10.26030532,,,,,,
1301,1.3,,-1.564304498,,,,,,
1302,1.301,,10.8449703,,,,,,
1303,1.302,,11.97142478,,,,,,
1304,1.303,,8.449589912,,,,,,
1305,1.304,,14.71461708,,,,,,
1306,1.305,,18.36129086,,,,,,
1307,1.306,,13.31128447,,,,,,
1308,1.307,,3.872613506,,,,,,
1309,1.308,,4.593132961,,,,,,
1310,1.309,,8.351934385,,,,,,
1311,1.31,,0.330119822,,,,,,
1312,1.311,,-6.938932859,,,,,,
1313,1.312,,-7.104675639,,,,,,
1314,1.313,,-3.859648603,,,,,,
1315,1.314,,-10.7681877,,,,,,
1316,1.315,,-19.83637805,,,,,,
1317,1.316,,-15.46895048,,,,,,
1318,1.317,,-9.900880361,,,,,,
1319,1.318,,-9.522748761,,,,,,
1320,1.319,,-10.95072264,,,,,,
1321,1.32,,-0.996345777,,,,,,
1322,1.321,,11.75372707,,,,,,
1323,1.322,,11.36668613,,,,,,
1324,1.323,,9.919854191,,,,,,
1325,1.324,,13.65262658,,,,,,
1326,1.325,,19.05295434,,,,,,
1327,1.326,,12.77074582,,,,,,
1328,1.327,,3.05119483,,,,,,
1329,1.328,,5.221161798,,,,,,
1330,1.329,,6.837058398,,,,,,
1331,1.33,,1.398432388,,,,,,
1332,1.331,,-7.625500727,,,,,,
1333,1.332,,-6.59895546,,,,,,
1334,1.333,,-3.05336874,,,,,,
1335,1.334,,-11.35806815,,,,,,
1336,1.335,,-18.23267707,,,,,,
1337,1.336,,-16.50161471,,,,,,
1338,1.337,,-9.231469799,,,,,,
1339,1.338,,-10.01905817,,,,,,
1340,1.339,,-11.6967965,,,,,,
1341,1.34,,-0.413820274,,,,,,
1342,1.341,,10.13915576,,,,,,
1343,1.342,,12.40353568,,,,,,
1344,1.343,,9.210138602,,,,,,
1345,1.344,,14.11468472,,,,,,
1346,1.345,,19.78752399,,,,,,
1347,1.346,,12.18904562,,,,,,
1348,1.347,,4.597481164,,,,,,
1349,1.348,,4.146004762,,,,,,
1350,1.349,,7.570099686,,,,,,
1351,1.35,,0.956393211,,,,,,
1352,1.351,,-8.444126512,,,,,,
1353,1.352,,-6.02401201,,,,,,
1354,1.353,,-4.523168919,,,,,,
1355,1.354,,-10.23515432,,,,,,
1356,1.355,,-18.94889715,,,,,,
1357,1.356,,-16.03683697,,,,,,
1358,1.357,,-8.406742256,,,,,,
1359,1.358,,-10.59982754,,,,,,
1360,1.359,,-10.2517054,,,,,,
1361,1.36,,-1.531203286,,,,,,
1362,1.361,,10.87271911,,,,,,
1363,1.362,,11.99509074,,,,,,
1364,1.363,,8.448899139,,,,,,
1365,1.364,,14.70172589,,,,,,
1366,1.365,,18.32973422,,,,,,
1367,1.366,,13.27798554,,,,,,
1368,1.367,,3.868784428,,,,,,
1369,1.368,,4.612753424,,,,,,
1370,1.369,,8.394148466,,,,,,
1371,1.37,,0.362391658,,,,,,
1372,1.371,,-6.937427654,,,,,,
1373,1.372,,-7.123901272,,,,,,
1374,1.373,,-3.873648603,,,,,,
1375,1.374,,-10.78050053,,,,,,
1376,1.375,,-19.83614772,,,,,,
1377,1.376,,-15.46814535,,,,,,
1378,1.377,,-9.900880361,,,,,,
1379,1.378,,-9.517423385,,,,,,
1380,1.379,,-10.93596074,,,,,,
1381,1.38,,-0.98563989,,,,,,
1382,1.381,,11.73928403,,,,,,
1383,1.382,,11.35188575,,,,,,
1384,1.383,,9.922451853,,,,,,
1385,1.384,,13.6578011,,,,,,
1386,1.385,,19.04636666,,,,,,
1387,1.386,,12.7937997,,,,,,
1388,1.387,,3.00953518,,,,,,
1389,1.388,,5.198060615,,,,,,
1390,1.389,,6.842574008,,,,,,
1391,1.39,,1.415916143,,,,,,
1392,1.391,,-7.618282835,,,,,,
1393,1.392,,-6.614121373,,,,,,
1394,1.393,,-3.067126068,,,,,,
1395,1.394,,-11.40589333,,,,,,
1396,1.395,,-18.26815893,,,,,,
1397,1.396,,-16.50465405,,,,,,
1398,1.397,,-9.223060774,,,,,,
1399,1.398,,-9.993025562,,,,,,
1400,1.399,,-11.69625948,,,,,,
1401,1.4,,-0.415935298,,,,,,
1402,1.401,,10.14628834,,,,,,
1403,1.402,,12.42442222,,,,,,
1404,1.403,,9.239630537,,,,,,
1405,1.404,,14.14329167,,,,,,
1406,1.405,,19.82827878,,,,,,
1407,1.406,,12.20898378,,,,,,
1408,1.407,,4.600307836,,,,,,
1409,1.408,,4.138527864,,,,,,
1410,1.409,,7.557989419,,,,,,
1411,1.41,,0.960890608,,,,,,
1412,1.411,,-8.416387962,,,,,,
1413,1.412,,-6.027607149,,,,,,
1414,1.413,,-4.548810197,,,,,,
1415,1.414,,-10.24710078,,,,,,
1416,1.415,,-18.9441992,,,,,,
1417,1.416,,-16.0799549,,,,,,
1418,1.417,,-8.4195595,,,,,,
1419,1.418,,-10.57901186,,,,,,
1420,1.419,,-10.23649509,,,,,,
1421,1.42,,-1.546032663,,,,,,
1422,1.421,,10.84171646,,,,,,
1423,1.422,,11.96805044,,,,,,
1424,1.423,,8.421868974,,,,,,
1425,1.424,,14.71902211,,,,,,
1426,1.425,,18.34692146,,,,,,
1427,1.426,,13.28597182,,,,,,
1428,1.427,,3.886222853,,,,,,
1429,1.428,,4.581220868,,,,,,
1430,1.429,,8.366854117,,,,,,
1431,1.43,,0.367539555,,,,,,
1432,1.431,,-6.935621467,,,,,,
1433,1.432,,-7.129075789,,,,,,
1434,1.433,,-3.859776439,,,,,,
1435,1.434,,-10.77728956,,,,,,
1436,1.435,,-19.80819666,,,,,,
1437,1.436,,-15.46126945,,,,,,
1438,1.437,,-9.903816261,,,,,,
1439,1.438,,-9.505953343,,,,,,
1440,1.439,,-10.9187735,,,,,,
1441,1.44,,-1.013070655,,,,,,
1442,1.441,,11.75397501,,,,,,
1443,1.442,,11.36830115,,,,,,
1444,1.443,,9.920363167,,,,,,
1445,1.444,,13.65823718,,,,,,
1446,1.445,,19.06858125,,,,,,
1447,1.446,,12.77980484,,,,,,
1448,1.447,,3.024242405,,,,,,
1449,1.448,,5.225009314,,,,,,
1450,1.449,,6.87144608,,,,,,
1451,1.45,,1.420670928,,,,,,
1452,1.451,,-7.645027164,,,,,,
1453,1.452,,-6.609661347,,,,,,
1454,1.453,,-3.038908087,,,,,,
1455,1.454,,-11.34245788,,,,,,
1456,1.455,,-18.24370392,,,,,,
1457,1.456,,-16.52296065,,,,,,
1458,1.457,,-9.224085488,,,,,,
1459,1.458,,-10.00666219,,,,,,
1460,1.459,,-11.69702799,,,,,,
1461,1.46,,-0.415377786,,,,,,
1462,1.461,,10.15473547,,,,,,
1463,1.462,,12.42869406,,,,,,
1464,1.463,,9.229410003,,,,,,
1465,1.464,,14.15785063,,,,,,
1466,1.465,,19.82804846,,,,,,
1467,1.466,,12.20817865,,,,,,
1468,1.467,,4.608650118,,,,,,
1469,1.468,,4.154269741,,,,,,
1470,1.469,,7.564956121,,,,,,
1471,1.47,,0.941270145,,,,,,
1472,1.471,,-8.458355472,,,,,,
1473,1.472,,-6.048540553,,,,,,
1474,1.473,,-4.568216579,,,,,,
1475,1.474,,-10.27110764,,,,,,
1476,1.475,,-18.94602234,,,,,,
1477,1.476,,-16.0536472,,,,,,
1478,1.477,,-8.434003908,,,,,,
1479,1.478,,-10.58408883,,,,,,
1480,1.479,,-10.2517117,,,,,,
1481,1.48,,-1.560311355,,,,,,
1482,1.481,,10.85356391,,,,,,
1483,1.482,,11.95686581,,,,,,
1484,1.483,,8.449080523,,,,,,
1485,1.484,,14.68140692,,,,,,
1486,1.485,,18.33991385,,,,,,
1487,1.486,,13.31651011,,,,,,
1488,1.487,,3.876130155,,,,,,
1489,1.488,,4.606568861,,,,,,
1490,1.489,,8.352197202,,,,,,
1491,1.49,,0.351991552,,,,,,
1492,1.491,,-6.924681523,,,,,,
1493,1.492,,-7.102424373,,,,,,
1494,1.493,,-3.851054985,,,,,,
1495,1.494,,-10.77937233,,,,,,
1496,1.495,,-19.80793364,,,,,,
1497,1.496,,-15.44987351,,,,,,
1498,1.497,,-9.888348311,,,,,,
1499,1.498,,-9.514483782,,,,,,
1500,1.499,,-10.95234955,,,,,,
1501,1.5,,-0.994658611,,,,,,
1502,1.501,,11.76795739,,,,,,
1503,1.502,,11.38149126,,,,,,
1504,1.503,,9.917169627,,,,,,
1505,1.504,,13.64620322,,,,,,
1506,1.505,,19.06934315,,,,,,
1507,1.506,,12.7783184,,,,,,
1508,1.507,,3.011010918,,,,,,
1509,1.508,,5.210451802,,,,,,
1510,1.509,,6.866279386,,,,,,
1511,1.51,,1.439923,,,,,,
1512,1.511,,-7.612943049,,,,,,
1513,1.512,,-6.626993173,,,,,,
1514,1.513,,-3.052418843,,,,,,
1515,1.514,,-11.37894463,,,,,,
1516,1.515,,-18.27980651,,,,,,
1517,1.516,,-16.53170858,,,,,,
1518,1.517,,-9.202669318,,,,,,
1519,1.518,,-9.979146074,,,,,,
1520,1.519,,-11.68324071,,,,,,
1521,1.52,,-0.401373031,,,,,,
1522,1.521,,10.16090217,,,,,,
1523,1.522,,12.43256278,,,,,,
1524,1.523,,9.234738161,,,,,,
1525,1.524,,14.13069496,,,,,,
1526,1.525,,19.82700068,,,,,,
1527,1.526,,12.18680692,,,,,,
1528,1.527,,4.577819072,,,,,,
1529,1.528,,4.132004762,,,,,,
1530,1.529,,7.563132984,,,,,,
1531,1.53,,0.975893162,,,,,,
1532,1.531,,-8.403386802,,,,,,
1533,1.532,,-6.013854771,,,,,,
1534,1.533,,-4.543047625,,,,,,
1535,1.534,,-10.25457768,,,,,,
1536,1.535,,-18.95630947,,,,,,
1537,1.536,,-16.07714467,,,,,,
1538,1.537,,-8.405804705,,,,,,
1539,1.538,,-10.5860737,,,,,,
1540,1.539,,-10.23623745,,,,,,
1541,1.54,,-1.540143369,,,,,,
1542,1.541,,10.83827804,,,,,,
1543,1.542,,12.01020867,,,,,,
1544,1.543,,8.434685057,,,,,,
1545,1.544,,14.69745406,,,,,,
1546,1.545,,18.34788674,,,,,,
1547,1.546,,13.30373427,,,,,,
1548,1.547,,3.870607565,,,,,,
1549,1.548,,4.581384227,,,,,,
1550,1.549,,8.366623998,,,,,,
1551,1.55,,0.356258633,,,,,,
1552,1.551,,-6.934404853,,,,,,
1553,1.552,,-7.111592035,,,,,,
1554,1.553,,-3.842510979,,,,,,
1555,1.554,,-10.75587487,,,,,,
1556,1.555,,-19.83685495,,,,,,
1557,1.556,,-15.48109405,,,,,,
1558,1.557,,-9.908006029,,,,,,
1559,1.558,,-9.532067281,,,,,,
1560,1.559,,-10.97407815,,,,,,
1561,1.56,,-0.99586703,,,,,,
1562,1.561,,11.73974331,,,,,,
1563,1.562,,11.36321943,,,,,,
1564,1.563,,9.921322141,,,,,,
1565,1.564,,13.66368698,,,,,,
1566,1.565,,19.0798265,,,,,,
1567,1.566,,12.77876199,,,,,,
1568,1.567,,3.023502689,,,,,,
1569,1.568,,5.190994019,,,,,,
1570,1.569,,6.858411358,,,,,,
1571,1.57,,1.441228794,,,,,,
1572,1.571,,-7.631892183,,,,,,
1573,1.572,,-6.60220928,,,,,,
1574,1.573,,-3.080830554,,,,,,
1575,1.574,,-11.3874308,,,,,,
1576,1.575,,-18.25243965,,,,,,
1577,1.576,,-16.49666777,,,,,,
1578,1.577,,-9.2021057,,,,,,
1579,1.578,,-10.00774789,,,,,,
1580,1.579,,-11.69627456,,,,,,
1581,1.58,,-0.425716217,,,,,,
1582,1.581,,10.14026752,,,,,,
1583,1.582,,12.42101943,,,,,,
1584,1.583,,9.224138602,,,,,,
1585,1.584,,14.13181803,,,,,,
1586,1.585,,19.82772278,,,,,,
1587,1.586,,12.22001232,,,,,,
1588,1.587,,4.5986871,,,,,,
1589,1.588,,4.121168529,,,,,,
1590,1.589,,7.543989419,,,,,,
1591,1.59,,0.948577774,,,,,,
1592,1.591,,-8.416157636,,,,,,
1593,1.592,,-6.026802015,,,,,,
1594,1.593,,-4.56549476,,,,,,
1595,1.594,,-10.27858453,,,,,,
1596,1.595,,-18.96164926,,,,,,
1597,1.596,,-16.06427287,,,,,,
1598,1.597,,-8.419789827,,,,,,
1599,1.598,,-10.579817,,,,,,
1600,1.599,,-10.2281528,,,,,,
1601,1.6,,-1.547495848,,,,,,
1602,1.601,,10.81586901,,,,,,
1603,1.602,,11.97535807,,,,,,
1604,1.603,,8.463327095,,,,,,
1605,1.604,,14.70674535,,,,,,
1606,1.605,,18.34495084,,,,,,
1607,1.606,,13.30946929,,,,,,
1608,1.607,,3.88975113,,,,,,
1609,1.608,,4.603758629,,,,,,
1610,1.609,,8.338442406,,,,,,
1611,1.61,,0.359053393,,,,,,
1612,1.611,,-6.932685567,,,,,,
1613,1.612,,-7.13481081,,,,,,
1614,1.613,,-3.865104597,,,,,,
1615,1.614,,-10.75194157,,,,,,
1616,1.615,,-19.82262462,,,,,,
1617,1.616,,-15.46628891,,,,,,
1618,1.617,,-9.910094715,,,,,,
1619,1.618,,-9.520980445,,,,,,
1620,1.619,,-10.9261076,,,,,,
1621,1.62,,-1.002845729,,,,,,
1622,1.621,,11.72602258,,,,,,
1623,1.622,,11.37114867,,,,,,
1624,1.623,,9.938258041,,,,,,
1625,1.624,,13.65515654,,,,,,
1626,1.625,,19.03921715,,,,,,
1627,1.626,,12.77030223,,,,,,
1628,1.627,,3.038209914,,,,,,
1629,1.628,,5.217942718,,,,,,
1630,1.629,,6.871790621,,,,,,
1631,1.63,,1.438459814,,,,,,
1632,1.631,,-7.63552504,,,,,,
1633,1.632,,-6.614078526,,,,,,
1634,1.633,,-3.067122169,,,,,,
1635,1.634,,-11.36072972,,,,,,
1636,1.635,,-18.23955141,,,,,,
1637,1.636,,-16.51162156,,,,,,
1638,1.637,,-9.226577423,,,,,,
1639,1.638,,-10.00646146,,,,,,
1640,1.639,,-11.69553601,,,,,,
1641,1.64,,-0.392453301,,,,,,
1642,1.641,,10.15279327,,,,,,
1643,1.642,,12.41697176,,,,,,
1644,1.643,,9.252637682,,,,,,
1645,1.644,,14.14320853,,,,,,
1646,1.645,,19.82799815,,,,,,
1647,1.646,,12.19677795,,,,,,
1648,1.647,,4.58433091,,,,,,
1649,1.648,,4.130387305,,,,,,
1650,1.649,,7.563132984,,,,,,
1651,1.65,,0.975893162,,,,,,
1652,1.651,,-8.403386802,,,,,,
1653,1.652,,-6.013854771,,,,,,
1654,1.653,,-4.543047625,,,,,,
1655,1.654,,-10.24310764,,,,,,
1656,1.655,,-18.92505564,,,,,,
1657,1.656,,-16.052519,,,,,,
1658,1.657,,-8.406036399,,,,,,
1659,1.658,,-10.57715543,,,,,,
1660,1.659,,-10.24630532,,,,,,
1661,1.66,,-1.556039519,,,,,,
1662,1.661,,10.84660884,,,,,,
1663,1.662,,11.9822138,,,,,,
1664,1.663,,8.435392282,,,,,,
1665,1.664,,14.71040276,,,,,,
1666,1.665,,18.36275881,,,,,,
1667,1.666,,13.30554945,,,,,,
1668,1.667,,3.864019888,,,,,,
1669,1.668,,4.611066258,,,,,,
1670,1.669,,8.380393671,,,,,,
1671,1.67,,0.369453499,,,,,,
1672,1.671,,-6.928747135,,,,,,
1673,1.672,,-7.102273514,,,,,,
1674,1.673,,-3.826188762,,,,,,
1675,1.674,,-10.78322541,,,,,,
1676,1.675,,-19.82167082,,,,,,
1677,1.676,,-15.44200178,,,,,,
1678,1.677,,-9.904185661,,,,,,
1679,1.678,,-9.545531454,,,,,,
1680,1.679,,-10.94758501,,,,,,
1681,1.68,,-0.998032943,,,,,,
1682,1.681,,11.73926778,,,,,,
1683,1.682,,11.34135245,,,,,,
1684,1.683,,9.907579781,,,,,,
1685,1.684,,13.6502509,,,,,,
1686,1.685,,19.04084407,,,,,,
1687,1.686,,12.76704841,,,,,,
1688,1.687,,3.011487816,,,,,,
1689,1.688,,5.222595367,,,,,,
1690,1.689,,6.881151458,,,,,,
1691,1.69,,1.447473203,,,,,,
1692,1.691,,-7.617970406,,,,,,
1693,1.692,,-6.643803404,,,,,,
1694,1.693,,-3.079662882,,,,,,
1695,1.694,,-11.36239604,,,,,,
1696,1.695,,-18.22984603,,,,,,
1697,1.696,,-16.49587969,,,,,,
1698,1.697,,-9.216094072,,,,,,
1699,1.698,,-10.00770504,,,,,,
1700,1.699,,-11.69678142,,,,,,
1701,1.7,,-0.404039354,,,,,,
1702,1.701,,10.13743017,,,,,,
1703,1.702,,12.38617634,,,,,,
1704,1.703,,9.199655251,,,,,,
1705,1.704,,14.11737444,,,,,,
1706,1.705,,19.80026233,,,,,,
1707,1.706,,12.18092627,,,,,,
1708,1.707,,4.5889924,,,,,,
1709,1.708,,4.136276598,,,,,,
1710,1.709,,7.538845854,,,,,,
1711,1.71,,0.933454708,,,,,,
1712,1.711,,-8.429911064,,,,,,
1713,1.712,,-6.029463584,,,,,,
1714,1.713,,-4.547342247,,,,,,
1715,1.714,,-10.24710078,,,,,,
1716,1.715,,-18.9441992,,,,,,
1717,1.716,,-16.07826773,,,,,,
1718,1.717,,-8.405575745,,,,,,
1719,1.718,,-10.57554516,,,,,,
1720,1.719,,-10.24630532,,,,,,
1721,1.72,,-1.556039519,,,,,,
1722,1.721,,10.84334338,,,,,,
1723,1.722,,11.97142478,,,,,,
1724,1.723,,8.4495723,,,,,,
1725,1.724,,14.71380719,,,,,,
1726,1.725,,18.36078188,,,,,,
1727,1.726,,13.30567387,,,,,,
1728,1.727,,3.857237779,,,,,,
1729,1.728,,4.581779834,,,,,,
1730,1.729,,8.352641403,,,,,,
1731,1.73,,0.353544309,,,,,,
1732,1.731,,-6.940770209,,,,,,
1733,1.732,,-7.121723311,,,,,,
1734,1.733,,-3.844400712,,,,,,
1735,1.734,,-10.77099793,,,,,,
1736,1.735,,-19.8503618,,,,,,
1737,1.736,,-15.47241718,,,,,,
1738,1.737,,-9.915501097,,,,,,
1739,1.738,,-9.536312678,,,,,,
1740,1.739,,-10.93899139,,,,,,
1741,1.74,,-1.009217577,,,,,,
1742,1.741,,11.76746562,,,,,,
1743,1.742,,11.34909099,,,,,,
1744,1.743,,9.896301599,,,,,,
1745,1.744,,13.64597906,,,,,,
1746,1.745,,19.05131579,,,,,,
1747,1.746,,12.75501581,,,,,,
1748,1.747,,3.024668994,,,,,,
1749,1.748,,5.225752183,,,,,,
1750,1.749,,6.854848418,,,,,,
1751,1.75,,1.412556808,,,,,,
1752,1.751,,-7.621799484,,,,,,
1753,1.752,,-6.627557273,,,,,,
1754,1.753,,-3.066156026,,,,,,
1755,1.754,,-11.37107291,,,,,,
1756,1.755,,-18.25512421,,,,,,
1757,1.756,,-16.51415152,,,,,,
1758,1.757,,-9.205806942,,,,,,
1759,1.758,,-9.979146074,,,,,,
1760,1.759,,-11.68324071,,,,,,
1761,1.76,,-0.401373031,,,,,,
1762,1.761,,10.14481348,,,,,,
1763,1.762,,12.4017938,,,,,,
1764,1.763,,9.210138602,,,,,,
1765,1.764,,14.11637189,,,,,,
1766,1.765,,19.80175432,,,,,,
1767,1.766,,12.20385075,,,,,,
1768,1.767,,4.603138882,,,,,,
1769,1.768,,4.138527864,,,,,,
1770,1.769,,7.557989419,,,,,,
1771,1.77,,0.962457262,,,,,,
1772,1.771,,-8.403403047,,,,,,
1773,1.772,,-6.024388068,,,,,,
1774,1.773,,-4.53348873,,,,,,
1775,1.774,,-10.23282209,,,,,,
1776,1.775,,-18.95604665,,,,,,
1777,1.776,,-16.06539593,,,,,,
1778,1.777,,-8.419789827,,,,,,
1779,1.778,,-10.579817,,,,,,
1780,1.779,,-10.24483737,,,,,,
1781,1.78,,-1.556039519,,,,,,
1782,1.781,,10.85037668,,,,,,
1783,1.782,,11.99829658,,,,,,
1784,1.783,,8.449129259,,,,,,
1785,1.784,,14.71300681,,,,,,
1786,1.785,,18.36129086,,,,,,
1787,1.786,,13.31128447,,,,,,
1788,1.787,,3.879646804,,,,,,
1789,1.788,,4.618438106,,,,,,
1790,1.789,,8.338717776,,,,,,
1791,1.79,,0.335819018,,,,,,
1792,1.791,,-6.930357193,,,,,,
1793,1.792,,-7.105578321,,,,,,
1794,1.793,,-3.86654692,,,,,,
1795,1.794,,-10.79072546,,,,,,
1796,1.795,,-19.80747319,,,,,,
1797,1.796,,-15.43778746,,,,,,
1798,1.797,,-9.897311329,,,,,,
1799,1.798,,-9.535524597,,,,,,
1800,1.799,,-10.95272858,,,,,,
1801,1.8,,-1.008094511,,,,,,
1802,1.801,,11.76795876,,,,,,
1803,1.802,,11.37176785,,,,,,
1804,1.803,,9.918895217,,,,,,
1805,1.804,,13.64676714,,,,,,
1806,1.805,,19.03757861,,,,,,
1807,1.806,,12.75457222,,,,,,
1808,1.807,,3.011455119,,,,,,
1809,1.808,,5.212004559,,,,,,
1810,1.809,,6.866279386,,,,,,
1811,1.81,,1.439923,,,,,,
1812,1.811,,-7.60967759,,,,,,
1813,1.812,,-6.617891312,,,,,,
1814,1.813,,-3.080353655,,,,,,
1815,1.814,,-11.37528723,,,,,,
1816,1.815,,-18.25365626,,,,,,
1817,1.816,,-16.51988654,,,,,,
1818,1.817,,-9.228215967,,,,,,
1819,1.818,,-10.01905817,,,,,,
1820,1.819,,-11.6967965,,,,,,
1821,1.82,,-0.413820274,,,,,,
1822,1.821,,10.13081348,,,,,,
1823,1.822,,12.39926384,,,,,,
1824,1.823,,9.227392434,,,,,,
1825,1.824,,14.13025137,,,,,,
1826,1.825,,19.81401576,,,,,,
1827,1.826,,12.18358784,,,,,,
1828,1.827,,4.595866731,,,,,,
1829,1.828,,4.152018475,,,,,,
1830,1.829,,7.549329205,,,,,,
1831,1.83,,0.932211131,,,,,,
1832,1.831,,-8.430909903,,,,,,
1833,1.832,,-6.029711206,,,,,,
1834,1.833,,-4.555579675,,,,,,
1835,1.834,,-10.26284266,,,,,,
1836,1.835,,-18.9581992,,,,,,
1837,1.836,,-16.09226773,,,,,,
1838,1.837,,-8.419329174,,,,,,
1839,1.838,,-10.57820673,,,,,,
1840,1.839,,-10.25317965,,,,,,
1841,1.84,,-1.566046376,,,,,,
1842,1.841,,10.8449703,,,,,,
1843,1.842,,11.97142478,,,,,,
1844,1.843,,8.44934334,,,,,,
1845,1.844,,14.70327865,,,,,,
1846,1.845,,18.3380765,,,,,,
1847,1.846,,13.29372741,,,,,,
1848,1.847,,3.879267779,,,,,,
1849,1.848,,4.606568861,,,,,,
1850,1.849,,8.351686446,,,,,,
1851,1.85,,0.328504801,,,,,,
1852,1.851,,-6.938845958,,,,,,
1853,1.852,,-7.098511067,,,,,,
1854,1.853,,-3.845002914,,,,,,
1855,1.854,,-10.75410748,,,,,,
1856,1.855,,-19.82237805,,,,,,
1857,1.856,,-15.45495048,,,,,,
1858,1.857,,-9.895222643,,,,,,
1859,1.858,,-9.524490639,,,,,,
1860,1.859,,-10.95423928,,,,,,
1861,1.86,,-1.013156009,,,,,,
1862,1.861,,11.72576092,,,,,,
1863,1.862,,11.35002932,,,,,,
1864,1.863,,9.924515681,,,,,,
1865,1.864,,13.6642509,,,,,,
1866,1.865,,19.05836072,,,,,,
1867,1.866,,12.7943638,,,,,,
1868,1.867,,3.023518935,,,,,,
1869,1.868,,5.201527317,,,,,,
1870,1.869,,6.857790621,,,,,,
1871,1.87,,1.430194835,,,,,,
1872,1.871,,-7.633646935,,,,,,
1873,1.872,,-6.616252127,,,,,,
1874,1.873,,-3.093601594,,,,,,
1875,1.874,,-11.38990225,,,,,,
1876,1.875,,-18.25107655,,,,,,
1877,1.876,,-16.49707741,,,,,,
1878,1.877,,-9.199705259,,,,,,
1879,1.878,,-9.996878641,,,,,,
1880,1.879,,-11.71048981,,,,,,
1881,1.88,,-0.430740431,,,,,,
1882,1.881,,10.14956878,,,,,,
1883,1.882,,12.43115071,,,,,,
1884,1.883,,9.218995037,,,,,,
1885,1.884,,14.11838213,,,,,,
1886,1.885,,19.82772415,,,,,,
1887,1.886,,12.21028891,,,,,,
1888,1.887,,4.60041269,,,,,,
1889,1.888,,4.132792843,,,,,,
1890,1.889,,7.549395801,,,,,,
1891,1.89,,0.972075242,,,,,,
1892,1.891,,-8.444339227,,,,,,
1893,1.892,,-6.024007255,,,,,,
1894,1.893,,-4.538748629,,,,,,
1895,1.894,,-10.2603127,,,,,,
1896,1.895,,-18.95786979,,,,,,
1897,1.896,,-16.03740107,,,,,,
1898,1.897,,-8.420003908,,,,,,
1899,1.898,,-10.57008883,,,,,,
1900,1.899,,-10.22102714,,,,,,
1901,1.9,,-1.543502704,,,,,,
1902,1.901,,10.82797928,,,,,,
1903,1.902,,11.97086068,,,,,,
1904,1.903,,8.435606157,,,,,,
1905,1.904,,14.71115038,,,,,,
1906,1.905,,18.34667012,,,,,,
1907,1.906,,13.29772056,,,,,,
1908,1.907,,3.887861397,,,,,,
1909,1.908,,4.597071393,,,,,,
1910,1.909,,8.394854324,,,,,,
1911,1.91,,0.385063767,,,,,,
1912,1.911,,-6.923685294,,,,,,
1913,1.912,,-7.110465188,,,,,,
1914,1.913,,-3.831149523,,,,,,
1915,1.914,,-10.75691771,,,,,,
1916,1.915,,-19.83660838,,,,,,
1917,1.916,,-15.46975562,,,,,,
1918,1.917,,-9.909222643,,,,,,
1919,1.918,,-9.527430241,,,,,,
1920,1.919,,-10.94136712,,,,,,
1921,1.92,,-1.010824524,,,,,,
1922,1.921,,11.75348186,,,,,,
1923,1.922,,11.34562429,,,,,,
1924,1.923,,9.897769549,,,,,,
1925,1.924,,13.63450902,,,,,,
1926,1.925,,19.04065948,,,,,,
1927,1.926,,12.81065278,,,,,,
1928,1.927,,3.036783119,,,,,,
1929,1.928,,5.226675637,,,,,,
1930,1.929,,6.86233658,,,,,,
1931,1.93,,1.422439245,,,,,,
1932,1.931,,-7.620160941,,,,,,
1933,1.932,,-6.613514426,,,,,,
1934,1.933,,-3.053384985,,,,,,
1935,1.934,,-11.36860145,,,,,,
1936,1.935,,-18.26482959,,,,,,
1937,1.936,,-16.52415838,,,,,,
1938,1.937,,-9.214478784,,,,,,
1939,1.938,,-10.02006072,,,,,,
1940,1.939,,-11.69579767,,,,,,
1941,1.94,,-0.413572652,,,,,,
1942,1.941,,10.13905091,,,,,,
1943,1.942,,12.4092707,,,,,,
1944,1.943,,9.222248869,,,,,,
1945,1.944,,14.11681548,,,,,,
1946,1.945,,19.81449266,,,,,,
1947,1.946,,12.1957314,,,,,,
1948,1.947,,4.6029924,,,,,,
1949,1.948,,4.156011619,,,,,,
1950,1.949,,7.557922823,,,,,,
1951,1.95,,0.917772677,,,,,,
1952,1.951,,-8.429927309,,,,,,
1953,1.952,,-6.039996882,,,,,,
1954,1.953,,-4.537783351,,,,,,
1955,1.954,,-10.21961017,,,,,,
1956,1.955,,-18.93534277,,,,,,
1957,1.956,,-16.07770363,,,,,,
1958,1.957,,-8.392067522,,,,,,
1959,1.958,,-10.59394543,,,,,,
1960,1.959,,-10.24542694,,,,,,
1961,1.96,,-1.544851288,,,,,,
1962,1.961,,10.81598522,,,,,,
1963,1.962,,11.97535807,,,,,,
1964,1.963,,8.463573667,,,,,,
1965,1.964,,14.71808378,,,,,,
1966,1.965,,18.35148063,,,,,,
1967,1.966,,13.30127762,,,,,,
1968,1.967,,3.874240422,,,,,,
1969,1.968,,4.598194458,,,,,,
1970,1.969,,8.394132221,,,,,,
1971,1.97,,0.35185836,,,,,,
1972,1.971,,-6.935615163,,,,,,
1973,1.972,,-7.09996772,,,,,,
1974,1.973,,-3.851171193,,,,,,
1975,1.974,,-10.78431332,,,,,,
1976,1.975,,-19.84913264,,,,,,
1977,1.976,,-15.47136443,,,,,,
1978,1.977,,-9.899517265,,,,,,
1979,1.978,,-9.528074138,,,,,,
1980,1.979,,-10.95845123,,,,,,
1981,1.98,,-0.985241362,,,,,,
1982,1.981,,11.7257758,,,,,,
1983,1.982,,11.37028602,,,,,,
1984,1.983,,9.921573477,,,,,,
1985,1.984,,13.6404682,,,,,,
1986,1.985,,19.05396742,,,,,,
1987,1.986,,12.76853193,,,,,,
1988,1.987,,3.023716564,,,,,,
1989,1.988,,5.191741643,,,,,,
1990,1.989,,6.850664953,,,,,,
1991,1.99,,1.431936713,,,,,,
1992,1.991,,-7.637414773,,,,,,
1993,1.992,,-6.62582726,,,,,,
1994,1.993,,-3.052908087,,,,,,
1995,1.994,,-11.35645788,,,,,,
1996,1.995,,-18.24101936,,,,,,
1997,1.996,,-16.50588654,,,,,,
1998,1.997,,-9.214467156,,,,,,
1999,1.998,,-10.00601787,,,,,,
2000,1.999,,-11.72411604,,,,,,
2001,2,,0,,,,,,
